movie_id,wikipedia_title,wikipedia_url,imdb_id,wikidata_id,match_method
140607,Star Wars: The Force Awakens,https://en.wikipedia.org/wiki/Star_Wars:_The_Force_Awakens,tt2488496,Q6074,tmdb
11,Star Wars (film),https://en.wikipedia.org/wiki/Star_Wars_(film),tt0076759,Q17738,tmdb
27205,Inception,https://en.wikipedia.org/wiki/Inception,tt1375666,Q25188,tmdb
19995,Avatar (2009 film),https://en.wikipedia.org/wiki/Avatar_(2009_film),tt0499549,Q24871,tmdb
10681,WALL-E,https://en.wikipedia.org/wiki/WALL-E,tt0910970,Q104905,tmdb
597,Titanic (1997 film),https://en.wikipedia.org/wiki/Titanic_(1997_film),tt0120338,Q44578,tmdb
13,Forrest Gump,https://en.wikipedia.org/wiki/Forrest_Gump,tt0109830,Q134773,tmdb
12444,Harry Potter and the Deathly Hallows – Part 1,https://en.wikipedia.org/wiki/Harry_Potter_and_the_Deathly_Hallows_%E2%80%93_Part_1,tt0926084,Q161678,tmdb
16869,Inglourious Basterds,https://en.wikipedia.org/wiki/Inglourious_Basterds,tt0361748,Q153723,tmdb
121,The Lord of the Rings: The Two Towers,https://en.wikipedia.org/wiki/The_Lord_of_the_Rings:_The_Two_Towers,tt0167261,Q164963,tmdb
603,The Matrix,https://en.wikipedia.org/wiki/The_Matrix,tt0133093,Q83495,tmdb
105,Back to the Future,https://en.wikipedia.org/wiki/Back_to_the_Future,tt0088763,Q91540,tmdb
22,Pirates of the Caribbean: The Curse of the Black Pearl,https://en.wikipedia.org/wiki/Pirates_of_the_Caribbean:_The_Curse_of_the_Black_Pearl,tt0325980,Q46717,tmdb
238,The Godfather,https://en.wikipedia.org/wiki/The_Godfather,tt0068646,Q47703,tmdb
120,The Lord of the Rings: The Fellowship of the Ring,https://en.wikipedia.org/wiki/The_Lord_of_the_Rings:_The_Fellowship_of_the_Ring,tt0120737,Q127367,tmdb
98,Gladiator (2000 film),https://en.wikipedia.org/wiki/Gladiator_(2000_film),tt0172495,Q128518,tmdb
122,The Lord of the Rings: The Return of the King,https://en.wikipedia.org/wiki/The_Lord_of_the_Rings:_The_Return_of_the_King,tt0167260,Q131074,tmdb
12,Finding Nemo,https://en.wikipedia.org/wiki/Finding_Nemo,tt0266543,Q132863,tmdb
674,Harry Potter and the Goblet of Fire (film),https://en.wikipedia.org/wiki/Harry_Potter_and_the_Goblet_of_Fire_(film),tt0330373,Q102225,tmdb
675,Harry Potter and the Order of the Phoenix (film),https://en.wikipedia.org/wiki/Harry_Potter_and_the_Order_of_the_Phoenix_(film),tt0373889,Q102235,tmdb
672,Harry Potter and the Chamber of Secrets (film),https://en.wikipedia.org/wiki/Harry_Potter_and_the_Chamber_of_Secrets_(film),tt0295297,Q102244,tmdb
671,Harry Potter and the Philosopher's Stone (film),https://en.wikipedia.org/wiki/Harry_Potter_and_the_Philosopher%27s_Stone_(film),tt0241527,Q102438,tmdb
673,Harry Potter and the Prisoner of Azkaban (film),https://en.wikipedia.org/wiki/Harry_Potter_and_the_Prisoner_of_Azkaban_(film),tt0304141,Q102448,tmdb
680,Pulp Fiction,https://en.wikipedia.org/wiki/Pulp_Fiction,tt0110912,Q104123,tmdb
68718,Django Unchained,https://en.wikipedia.org/wiki/Django_Unchained,tt1853728,Q571032,tmdb
106646,The Wolf of Wall Street (2013 film),https://en.wikipedia.org/wiki/The_Wolf_of_Wall_Street_(2013_film),tt0993846,Q1392744,tmdb
767,Harry Potter and the Half-Blood Prince (film),https://en.wikipedia.org/wiki/Harry_Potter_and_the_Half-Blood_Prince_(film),tt0417741,Q161687,tmdb
155,The Dark Knight,https://en.wikipedia.org/wiki/The_Dark_Knight,tt0468569,Q163872,tmdb
284054,Black Panther (film),https://en.wikipedia.org/wiki/Black_Panther_(film),tt1825683,Q23780734,tmdb
272,Batman Begins,https://en.wikipedia.org/wiki/Batman_Begins,tt0372784,Q166262,tmdb
862,Toy Story,https://en.wikipedia.org/wiki/Toy_Story,tt0114709,Q171048,tmdb
278,The Shawshank Redemption,https://en.wikipedia.org/wiki/The_Shawshank_Redemption,tt0111161,Q172241,tmdb
14160,Up (2009 film),https://en.wikipedia.org/wiki/Up_(2009_film),tt1049413,Q174811,tmdb
24428,The Avengers (2012 film),https://en.wikipedia.org/wiki/The_Avengers_(2012_film),tt0848228,Q182218,tmdb
299536,Avengers: Infinity War,https://en.wikipedia.org/wiki/Avengers:_Infinity_War,tt4154756,Q23780914,tmdb
299534,Avengers: Endgame,https://en.wikipedia.org/wiki/Avengers:_Endgame,tt4154796,Q23781155,tmdb
263115,Logan (film),https://en.wikipedia.org/wiki/Logan_(film),tt3315342,Q24053263,tmdb
346364,It (2017 film),https://en.wikipedia.org/wiki/It_(2017_film),tt1396484,Q25136484,tmdb
475557,Joker (2019 film),https://en.wikipedia.org/wiki/Joker_(2019_film),tt7286456,Q42759035,tmdb
496243,Parasite (2019 film),https://en.wikipedia.org/wiki/Parasite_(2019_film),tt6751668,Q61448040,tmdb
271110,Captain America: Civil War,https://en.wikipedia.org/wiki/Captain_America:_Civil_War,tt3498820,Q18407657,tmdb
286217,The Martian (film),https://en.wikipedia.org/wiki/The_Martian_(film),tt3659388,Q18547944,tmdb
297761,Suicide Squad (2016 film),https://en.wikipedia.org/wiki/Suicide_Squad_(2016_film),tt1386697,Q18604504,tmdb
293660,Deadpool (film),https://en.wikipedia.org/wiki/Deadpool_(film),tt1431045,Q19347291,tmdb
283995,Guardians of the Galaxy Vol. 2,https://en.wikipedia.org/wiki/Guardians_of_the_Galaxy_Vol._2,tt3896198,Q20001199,tmdb
297762,Wonder Woman (2017 film),https://en.wikipedia.org/wiki/Wonder_Woman_(2017_film),tt0451279,Q20502242,tmdb
284053,Thor: Ragnarok,https://en.wikipedia.org/wiki/Thor:_Ragnarok,tt3501632,Q22665878,tmdb
315635,Spider-Man: Homecoming,https://en.wikipedia.org/wiki/Spider-Man:_Homecoming,tt2250912,Q23010088,tmdb
49026,The Dark Knight Rises,https://en.wikipedia.org/wiki/The_Dark_Knight_Rises,tt1345836,Q189330,tmdb
550,Fight Club,https://en.wikipedia.org/wiki/Fight_Club,tt0137523,Q190050,tmdb
807,Seven (1995 film),https://en.wikipedia.org/wiki/Seven_(1995_film),tt0114369,Q190908,tmdb
1726,Iron Man (2008 film),https://en.wikipedia.org/wiki/Iron_Man_(2008_film),tt0371746,Q192724,tmdb
10138,Iron Man 2,https://en.wikipedia.org/wiki/Iron_Man_2,tt1228705,Q205028,tmdb
68721,Iron Man 3,https://en.wikipedia.org/wiki/Iron_Man_3,tt1300854,Q209538,tmdb
11324,Shutter Island (film),https://en.wikipedia.org/wiki/Shutter_Island_(film),tt1130884,Q210364,tmdb
70160,The Hunger Games (film),https://en.wikipedia.org/wiki/The_Hunger_Games_(film),tt1392170,Q212965,tmdb
37165,The Truman Show,https://en.wikipedia.org/wiki/The_Truman_Show,tt0120382,Q214801,tmdb
10195,Thor (film),https://en.wikipedia.org/wiki/Thor_(film),tt0800369,Q217020,tmdb
12445,Harry Potter and the Deathly Hallows – Part 2,https://en.wikipedia.org/wiki/Harry_Potter_and_the_Deathly_Hallows_%E2%80%93_Part_2,tt1201607,Q232009,tmdb
1771,Captain America: The First Avenger,https://en.wikipedia.org/wiki/Captain_America:_The_First_Avenger,tt0458339,Q275120,tmdb
557,Spider-Man (2002 film),https://en.wikipedia.org/wiki/Spider-Man_(2002_film),tt0145487,Q484442,tmdb
76341,Mad Max: Fury Road,https://en.wikipedia.org/wiki/Mad_Max:_Fury_Road,tt1392190,Q1757288,tmdb
100402,Captain America: The Winter Soldier,https://en.wikipedia.org/wiki/Captain_America:_The_Winter_Soldier,tt1843866,Q1765358,tmdb
135397,Jurassic World,https://en.wikipedia.org/wiki/Jurassic_World,tt0369610,Q3512046,tmdb
354912,Coco (2017 film),https://en.wikipedia.org/wiki/Coco_(2017_film),tt2380307,Q5815826,tmdb
118340,Guardians of the Galaxy (film),https://en.wikipedia.org/wiki/Guardians_of_the_Galaxy_(film),tt2015381,Q5887360,tmdb
102899,Ant-Man (film),https://en.wikipedia.org/wiki/Ant-Man_(film),tt0478970,Q5901134,tmdb
150540,Inside Out,https://en.wikipedia.org/wiki/Inside_Out,tt2096673,Q6144664,tmdb
157336,Interstellar (film),https://en.wikipedia.org/wiki/Interstellar_(film),tt0816692,Q13417189,tmdb
99861,Avengers: Age of Ultron,https://en.wikipedia.org/wiki/Avengers:_Age_of_Ultron,tt2395427,Q14171368,tmdb
210577,Gone Girl (film),https://en.wikipedia.org/wiki/Gone_Girl_(film),tt2267998,Q14920425,tmdb
245891,John Wick (film),https://en.wikipedia.org/wiki/John_Wick_(film),tt2911666,Q15732802,tmdb
259316,Fantastic Beasts and Where to Find Them (film),https://en.wikipedia.org/wiki/Fantastic_Beasts_and_Where_to_Find_Them_(film),tt3183660,Q18199330,tmdb
284052,Doctor Strange (2016 film),https://en.wikipedia.org/wiki/Doctor_Strange_(2016_film),tt1211837,Q18406872,tmdb
