id,title,original_title,overview,release_date,runtime,budget,revenue,vote_average,vote_count,popularity,poster_path,backdrop_path,status,tagline,homepage,original_language,adult,video,created_at,updated_at,genres
157336,Interstellar,Interstellar,The adventures of a group of explorers who make use of a newly discovered wormhole to surpass the limitations on human space travel and conquer the vast distances involved in an interstellar voyage.,2014-11-05,169,165000000,746606706,8.467,38844,46.5417,/gEU2QniE6E77NI6lCU6MxlNBvIx.jpg,/8sNiAPPYU14PUepFNeSNGUTiHW.jpg,Released,Mankind was born on Earth. It was never meant to die here.,http://www.interstellarmovie.net/,en,0,0,2026-02-13 10:46:44,2026-02-13T16:16:44.426436,"Adventure,Drama,Science Fiction"
27205,Inception,Inception,"Cobb, a skilled thief who commits corporate espionage by infiltrating the subconscious of his targets is offered a chance to regain his old life as payment for a task considered to be impossible: ""inception"", the implantation of another person's idea into a target's subconscious.",2010-07-15,148,160000000,839030630,8.37,38664,32.9158,/xlaY2zyzMfkhk0HSC5VUwzoZPU1.jpg,/ii8QGacT3MXESqBckQlyrATY0lT.jpg,Released,Your mind is the scene of the crime.,https://www.warnerbros.com/movies/inception,en,0,0,2026-02-13 10:47:36,2026-02-13T16:17:36.627910,"Adventure,Action,Science Fiction"
24428,The Avengers,The Avengers,"When an unexpected enemy emerges and threatens global safety and security, Nick Fury, director of the international peacekeeping agency known as S.H.I.E.L.D., finds himself in need of a team to pull the world back from the brink of disaster. Spanning the globe, a daring recruitment effort begins!",2012-04-25,143,220000000,1518815515,7.939,35819,57.726,/RYMX2wcKCBAr24UyPD7xwmjaTn.jpg,/9BBTo63ANSmhC4e6r62OJFuK2GL.jpg,Released,Some assembly required.,https://www.marvel.com/movies/the-avengers,en,0,0,2026-02-13 10:18:49,2026-02-13T15:48:49.773042,"Adventure,Action,Science Fiction"
155,The Dark Knight,The Dark Knight,"Batman raises the stakes in his war on crime. With the help of Lt. Jim Gordon and District Attorney Harvey Dent, Batman sets out to dismantle the remaining criminal organizations that plague the streets. The partnership proves to be effective, but they soon find themselves prey to a reign of chaos unleashed by a rising criminal mastermind known to the terrified citizens of Gotham as the Joker.",2008-07-16,152,185000000,1004558444,8.5,35160,31.9847,/qJ2tW6WMUDux911r6m7haRef0WH.jpg,/dqK9Hag1054tghRQSqLSfrkvQnA.jpg,Released,Welcome to a world without rules.,https://www.warnerbros.com/movies/dark-knight/,en,0,0,2026-02-13 10:47:41,2026-02-13T16:17:41.927397,"Action,Thriller,Crime"
19995,Avatar,Avatar,"In the 22nd century, a paraplegic Marine is dispatched to the moon Pandora on a unique mission, but becomes torn between following orders and protecting an alien civilization.",2009-12-16,162,237000000,2923706026,7.599,33434,41.2489,/gKY6q7SjCkAU6FqvqWybDYgUKIF.jpg,/vL5LR6WdxWPjLPFRLe133jXWsh5.jpg,Released,Enter the world of Pandora.,https://www.avatar.com/movies/avatar,en,0,0,2026-02-13 10:46:53,2026-02-13T16:16:53.878369,"Adventure,Fantasy,Action,Science Fiction"
293660,Deadpool,Deadpool,"The origin story of former Special Forces operative turned mercenary Wade Wilson, who, after being subjected to a rogue experiment that leaves him with accelerated healing powers, adopts the alter ego Deadpool. Armed with his new abilities and a dark, twisted sense of humor, Deadpool hunts down the man who nearly destroyed his life.",2016-02-09,108,58000000,782837347,7.622,32340,15.549,/3E53WEZJqP6aM84D8CckXx4pIHw.jpg,/en971MEXui9diirXlogOrPKmsEn.jpg,Released,Feel the love.,https://www.20thcenturystudios.com/movies/deadpool,en,0,0,2026-02-13 10:55:12,2026-02-13T16:25:12.369675,"Adventure,Action,Comedy"
299536,Avengers: Infinity War,Avengers: Infinity War,"As the Avengers and their allies have continued to protect the world from threats too large for any one hero to handle, a new danger has emerged from the cosmic shadows: Thanos. A despot of intergalactic infamy, his goal is to collect all six Infinity Stones, artifacts of unimaginable power, and use them to inflict his twisted will on all of reality. Everything the Avengers have fought for has led up to this moment - the fate of Earth and existence itself has never been more uncertain.",2018-04-25,149,300000000,2052415039,8.2,31452,36.4601,/7WsyChQLEftFiDOVTGkv3hFpyyt.jpg,/mDfJG3LC3Dqb67AZ52x3Z0jU0uB.jpg,Released,Destiny arrives all the same.,https://www.marvel.com/movies/avengers-infinity-war,en,0,0,2026-02-13 10:47:22,2026-02-13T16:17:22.656666,"Adventure,Action,Science Fiction"
550,Fight Club,Fight Club,"A ticking-time-bomb insomniac and a slippery soap salesman channel primal male aggression into a shocking new form of therapy. Their concept catches on, with underground ""fight clubs"" forming in every town, until an eccentric gets in the way and ignites an out-of-control spiral toward oblivion.",1999-10-15,139,63000000,100853753,8.438,31416,25.612,/pB8BM7pdSp6B6Ih7QZ4DrQ3PmJK.jpg,/5TiwfWEaPSwD20uwXjCTUqpQX70.jpg,Released,Mischief. Mayhem. Soap.,http://www.foxmovies.com/movies/fight-club,en,0,0,2026-02-13 10:48:30,2026-02-13T16:18:30.877303,"Drama,Thriller"
278,The Shawshank Redemption,The Shawshank Redemption,"Imprisoned in the 1940s for the double murder of his wife and her lover, upstanding banker Andy Dufresne begins a new life at the Shawshank prison, where he puts his accounting skills to work for an amoral warden. During his long stretch in prison, Dufresne comes to be admired by the other inmates -- including an older prisoner named Red -- for his integrity and unquenchable sense of hope.",1994-09-23,142,25000000,28341469,8.715,29709,32.8874,/9cqNxx0GxF0bflZmeSMuL5tnGzr.jpg,/zfbjgQE1uSd9wiPTX4VzsLi0rGG.jpg,Released,Fear can hold you prisoner. Hope can set you free.,,en,0,0,2026-02-13 10:47:29,2026-02-13T16:17:29.052193,"Drama,Crime"
680,Pulp Fiction,Pulp Fiction,"A burger-loving hit man, his philosophical partner, a drug-addled gangster's moll and a washed-up boxer converge in this sprawling, comedic crime caper. Their adventures unfurl in three stories that ingeniously trip back and forth in time.",1994-09-10,154,8000000,213928762,8.486,29665,21.8347,/vQWk5YBFWF4bZaofAbv0tShwBvQ.jpg,/96hiUXEuYsu4tcnvlaY8tEMFM0m.jpg,Released,You won’t know the facts until you’ve seen the fiction.,https://www.miramax.com/movie/pulp-fiction/,en,0,0,2026-02-13 10:49:04,2026-02-13T16:19:04.962556,"Comedy,Thriller,Crime"
118340,Guardians of the Galaxy,Guardians of the Galaxy,"Light years from Earth, 26 years after being abducted, Peter Quill finds himself the prime target of a manhunt after discovering an orb wanted by Ronan the Accuser.",2014-07-30,121,170000000,772776600,7.9,29310,11.7666,/r7vmZjiyZw9rpJMQJdXpjgiCOk9.jpg,/vmBSlRZYKfNdaDZ7wGkrSNbmdMI.jpg,Released,"When things get bad, they'll do their worst.",https://www.marvel.com/movies/guardians-of-the-galaxy,en,0,0,2026-02-13 11:00:51,2026-02-13T16:30:51.826300,"Adventure,Action,Science Fiction"
13,Forrest Gump,Forrest Gump,"A man with a low IQ has accomplished great things in his life and been present during significant historic events—in each case, far exceeding what anyone imagined he could do. But despite all he has achieved, his one true love eludes him.",1994-06-23,142,55000000,677387716,8.462,29226,22.7297,/saHP97rTPS5eLmrLQEcANmKrsFl.jpg,/67HggiWaP9ZLv5sPYmyRV37yAJM.jpg,Released,The world will never be the same once you've seen it through the eyes of Forrest Gump.,https://www.paramountmovies.com/movies/forrest-gump,en,0,0,2026-02-13 10:49:10,2026-02-13T16:19:10.070631,"Drama,Comedy,Romance"
671,Harry Potter and the Philosopher's Stone,Harry Potter and the Philosopher's Stone,"Harry Potter has lived under the stairs at his aunt and uncle's house his whole life. But on his 11th birthday, he learns he's a powerful wizard—with a place waiting for him at the Hogwarts School of Witchcraft and Wizardry. As he learns to harness his newfound powers with the help of the school's kindly headmaster, Harry uncovers the truth about his parents' deaths—and about the villain who's to blame.",2001-11-16,152,125000000,976475550,7.9,29133,24.4768,/wuMc08IPKEatf9rnMNXvIDxqP4W.jpg,/1XAC6RPT01UX9EQGy2JVn5c8pgy.jpg,Released,Let the magic begin.,https://www.warnerbros.com/movies/harry-potter-and-sorcerers-stone,en,0,0,2026-02-13 10:48:55,2026-02-13T16:18:55.125397,"Adventure,Fantasy"
1726,Iron Man,Iron Man,"After being held captive in an Afghan cave, billionaire engineer Tony Stark creates a unique weaponized suit of armor to fight evil.",2008-04-30,126,140000000,585174222,7.7,27730,18.0393,/78lPtwv72eTNqFW9COBYI0dWDJa.jpg,/cKvDv2LpwVEqbdXWoQl4XgGN6le.jpg,Released,Heroes aren't born. They're built.,https://www.marvel.com/movies/iron-man,en,0,0,2026-02-13 10:51:18,2026-02-13T16:21:18.586981,"Adventure,Action,Science Fiction"
68718,Django Unchained,Django Unchained,"With the help of a German bounty hunter, a freed slave sets out to rescue his wife from a brutal Mississippi plantation owner.",2012-12-25,165,100000000,425368238,8.186,27548,20.1148,/7oWY8VDWW7thTzWh3OKYRkWUlD5.jpg,/5Lbm0gpFDRAPIV1Cth6ln9iL1ou.jpg,Released,"Life, liberty, and the pursuit of vengeance.",http://www.unchainedmovie.com,en,0,0,2026-02-13 10:49:56,2026-02-13T16:19:56.356727,"Drama,Western"
603,The Matrix,The Matrix,"Set in the 22nd century, The Matrix tells the story of a computer hacker who joins a group of underground insurgents fighting the vast and powerful computers who now rule the earth.",1999-03-31,136,63000000,463517383,8.237,27358,23.9285,/p96dm7sCMn4VYAStA6siNz30G1r.jpg,/tlm8UkiQsitc8rSuIAscQDCnP8d.jpg,Released,Believe the unbelievable.,http://www.warnerbros.com/matrix,en,0,0,2026-02-13 10:48:18,2026-02-13T16:18:18.602314,"Action,Science Fiction"
475557,Joker,Joker,"During the 1980s, a failed stand-up comedian is driven insane and turns to a life of crime and chaos in Gotham City while becoming an infamous psychopathic crime figure.",2019-10-01,122,55000000,1078958629,8.128,27280,21.9927,/udDclJoHjfjb8Ekgsd4FDteOkCU.jpg,/hO7KbdvGOtDdeg0W4Y5nKEHeDDh.jpg,Released,Put on a happy face.,http://www.jokermovie.net/,en,0,0,2026-02-13 10:49:49,2026-02-13T16:19:49.031985,"Drama,Thriller,Crime"
299534,Avengers: Endgame,Avengers: Endgame,"After the devastating events of Avengers: Infinity War, the universe is in ruins due to the efforts of the Mad Titan, Thanos. With the help of remaining allies, the Avengers must assemble once more in order to undo Thanos' actions and restore order to the universe once and for all, no matter what consequences may be in store.",2019-04-24,181,356000000,2799439100,8.2,27235,25.2232,/ulzhLuWrPK07P1YkdWQLZnQh1JL.jpg,/7RyHsO4yDXtBv1zUU3mTpHeQ0d5.jpg,Released,Avenge the fallen.,https://www.marvel.com/movies/avengers-endgame,en,0,0,2026-02-13 10:48:36,2026-02-13T16:18:36.077933,"Adventure,Action,Science Fiction"
120,The Lord of the Rings: The Fellowship of the Ring,The Lord of the Rings: The Fellowship of the Ring,"Young hobbit Frodo Baggins, after inheriting a mysterious ring from his uncle Bilbo, must leave his home in order to keep it from falling into the hands of its evil creator. Along the way, a fellowship is formed to protect the ringbearer and make sure that the ring arrives at its final destination: Mt. Doom, the only place where it can be destroyed.",2001-12-18,179,93000000,871368364,8.427,26989,24.8397,/6oom5QYQ2yQTMJIbnvbkBL9cHo6.jpg,/oiwc338EoBgS4sEI2ixAny4KQKg.jpg,Released,One ring to rule them all.,http://www.lordoftherings.net/,en,0,0,2026-02-13 10:48:22,2026-02-13T16:18:22.610081,"Adventure,Fantasy,Action"
597,Titanic,Titanic,"101-year-old Rose DeWitt Bukater tells the story of her life aboard the Titanic, 84 years later. A young Rose boards the ship with her mother and fiancé. Meanwhile, Jack Dawson and Fabrizio De Rossi win third-class tickets aboard the ship. Rose tells the whole story from Titanic's departure through to its death—on its first and last voyage—on April 15, 1912.",1997-12-18,194,200000000,2264162353,7.9,26763,31.0568,/9xjZS2rlVxm8SFx8kPC3aIGCOYQ.jpg,/xnHVX37XZEp33hhCbYlQFq7ux1J.jpg,Released,Nothing on earth could come between them.,https://www.paramountmovies.com/movies/titanic,en,0,0,2026-02-13 10:47:51,2026-02-13T16:17:51.602200,"Drama,Romance"
122,The Lord of the Rings: The Return of the King,The Lord of the Rings: The Return of the King,"As armies mass for a final battle that will decide the fate of the world--and powerful, ancient forces of Light and Dark compete to determine the outcome--one member of the Fellowship of the Ring is revealed as the noble heir to the throne of the Kings of Men. Yet, the sole hope for triumph over evil lies with a brave hobbit, Frodo, who, accompanied by his loyal friend Sam and the hideous, wretched Gollum, ventures deep into the very dark heart of Mordor on his seemingly impossible quest to destroy the Ring of Power.​",2003-12-17,201,94000000,1118888979,8.493,26010,29.1045,/rCzpDGLbOoPwLjy3OAm5NUPOTrC.jpg,/2u7zbn8EudG6kLlBzUYqP8RyFU4.jpg,Released,The eye of the enemy is moving.,http://www.lordoftherings.net,en,0,0,2026-02-13 10:47:59,2026-02-13T16:17:59.113717,"Adventure,Fantasy,Action"
106646,The Wolf of Wall Street,The Wolf of Wall Street,"A New York stockbroker refuses to cooperate in a large securities fraud case involving corruption on Wall Street, corporate banking world and mob infiltration. Based on Jordan Belfort's autobiography.",2013-12-25,180,100000000,407038432,8.026,25479,20.0665,/kW9LmvYHAaS9iA0tHmZVq8hQYoq.jpg,/7Nwnmyzrtd0FkcRyPqmdzTPppQa.jpg,Released,Earn. Spend. Party.,http://www.thewolfofwallstreet.com/,en,0,0,2026-02-13 10:49:35,2026-02-13T16:19:35.981903,"Drama,Comedy,Crime"
11324,Shutter Island,Shutter Island,"World War II soldier-turned-U.S. Marshal Teddy Daniels investigates the disappearance of a patient from a hospital for the criminally insane, but his efforts are compromised by troubling visions and a mysterious doctor.",2010-02-14,138,80000000,294804195,8.201,25393,18.1885,/nrmXQ0zcZUL8jFLrakWc90IR8z9.jpg,/8xt8AMb1OKC63AdhNSaYBWxB4Iq.jpg,Released,Someone is missing.,http://www.shutterisland.com/,en,0,0,2026-02-13 10:52:52,2026-02-13T16:22:52.402131,"Drama,Thriller,Mystery"
99861,Avengers: Age of Ultron,Avengers: Age of Ultron,"When Tony Stark tries to jumpstart a dormant peacekeeping program, things go awry and Earth’s Mightiest Heroes are put to the ultimate test as the fate of the planet hangs in the balance. As the villainous Ultron emerges, it is up to The Avengers to stop him from enacting his terrible plans, and soon uneasy alliances and unexpected action pave the way for an epic and unique global adventure.",2015-04-22,141,235000000,1405403694,7.3,24100,23.2565,/4ssDuvEDkSArWEdyBl2X5EHvYKU.jpg,/kIBK5SKwgqIIuRKhhWrJn3XkbPq.jpg,Released,A new age has come.,https://www.marvel.com/movies/avengers-age-of-ultron,en,0,0,2026-02-13 10:48:44,2026-02-13T16:18:44.479007,"Adventure,Action,Science Fiction"
49026,The Dark Knight Rises,The Dark Knight Rises,"Following the death of District Attorney Harvey Dent, Batman assumes responsibility for Dent's crimes to protect the late attorney's reputation and is subsequently hunted by the Gotham City Police Department. Eight years later, Batman encounters the mysterious Selina Kyle and the villainous Bane, a new terrorist leader who overwhelms Gotham's finest. The Dark Knight resurfaces to protect a city that has branded him an enemy.",2012-07-17,165,250000000,1081041287,7.791,23984,19.0057,/hr0L2aueqlP2BYUblTTjmtn0hw4.jpg,/y2DB71C4nyIdMrANijz8mzvQtk6.jpg,Released,The legend ends.,http://www.thedarkknightrises.com/,en,0,0,2026-02-13 10:50:45,2026-02-13T16:20:45.145625,"Drama,Action,Thriller,Crime"
76341,Mad Max: Fury Road,Mad Max: Fury Road,"An apocalyptic story set in the furthest reaches of our planet, in a stark desert landscape where humanity is broken, and most everyone is crazed fighting for the necessities of life. Within this world exist two rebels on the run who just might be able to restore order.",2015-05-13,121,150000000,378858340,7.629,23742,19.6151,/hA2ple9q4qnwxp3hKVNhroipsir.jpg,/l0eIS009XtEO80aC6zjM3o3AkEl.jpg,Released,The future belongs to the mad.,https://www.warnerbros.com/movies/mad-max-fury-road,en,0,0,2026-02-13 10:50:56,2026-02-13T16:20:56.778277,"Adventure,Action,Science Fiction"
271110,Captain America: Civil War,Captain America: Civil War,"Following the events of Age of Ultron, the collective governments of the world pass an act designed to regulate all superhuman activity. This polarizes opinion amongst the Avengers, causing two factions to side with Iron Man or Captain America, which causes an epic battle between former allies.",2016-04-27,147,250000000,1155046416,7.4,23728,21.0589,/rAGiXaUfPzY7CDEyNKUofk3Kw2e.jpg,/wdwcOBMkt3zmPQuEMxB3FUtMio2.jpg,Released,United we stand. Divided we fall.,https://www.marvel.com/movies/captain-america-civil-war,en,0,0,2026-02-13 10:50:11,2026-02-13T16:20:11.810091,"Adventure,Action,Science Fiction"
16869,Inglourious Basterds,Inglourious Basterds,"In Nazi-occupied France during World War II, a group of Jewish-American soldiers known as ""The Basterds"" are chosen specifically to spread fear throughout the Third Reich by scalping and brutally killing Nazis. The Basterds, lead by Lt. Aldo Raine soon cross paths with a French-Jewish teenage girl who runs a movie theater in Paris which is targeted by the soldiers.",2009-08-02,153,70000000,321457747,8.215,23716,16.7974,/7sfbEnaARXDDhKm0CZ7D7uc2sbo.jpg,/hwNtEmmugU5Yd7hpfprNWI0DGIn.jpg,Released,Once upon a time in Nazi occupied France...,,en,0,0,2026-02-13 10:52:07,2026-02-13T16:22:07.082257,"Drama,Thriller,War"
121,The Lord of the Rings: The Two Towers,The Lord of the Rings: The Two Towers,"Frodo Baggins and the other members of the Fellowship continue on their sacred quest to destroy the One Ring--but on separate paths. Their destinies lie at two towers--Orthanc Tower in Isengard, where the corrupt wizard Saruman awaits, and Sauron's fortress at Barad-dur, deep within the dark lands of Mordor. Frodo and Sam are trekking to Mordor to destroy the One Ring of Power while Gimli, Legolas and Aragorn search for the orc-captured Merry and Pippin. All along, nefarious wizard Saruman awaits the Fellowship members at the Orthanc Tower in Isengard.",2002-12-18,179,79000000,926287400,8.413,23415,21.9283,/5VTN0pR8gcqV3EPUHHfMGnJYN9L.jpg,/kWYfW2Re0rUDE6IHhy4CRuKWeFr.jpg,Released,The journey continues.,http://www.lordoftherings.net/,en,0,0,2026-02-13 10:49:16,2026-02-13T16:19:16.015819,"Adventure,Fantasy,Action"
672,Harry Potter and the Chamber of Secrets,Harry Potter and the Chamber of Secrets,"Cars fly, trees fight back, and a mysterious house-elf comes to warn Harry Potter at the start of his second year at Hogwarts. Adventure and danger await when bloody writing on a wall announces: The Chamber Of Secrets Has Been Opened. To save Hogwarts will require all of Harry, Ron and Hermione's magical abilities and courage.",2002-11-13,161,100000000,876688482,7.704,23242,16.7921,/sdEOH0992YZ0QSxgXNIGLq1ToUi.jpg,/1stUIsjawROZxjiCMtqqXqgfZWC.jpg,Released,Something evil has returned to Hogwarts!,https://www.warnerbros.com/movies/harry-potter-and-chamber-secrets,en,0,0,2026-02-13 10:52:36,2026-02-13T16:22:36.123787,"Adventure,Fantasy"
284054,Black Panther,Black Panther,"King T'Challa returns home to the reclusive, technologically advanced African nation of Wakanda to serve as his country's new leader. However, T'Challa soon finds that he is challenged for the throne by factions within his own country as well as without. Using powers reserved to Wakandan kings, T'Challa assumes the Black Panther mantle to join with ex-girlfriend Nakia, the queen-mother, his princess-kid sister, members of the Dora Milaje (the Wakandan 'special forces') and an American secret agent, to prevent Wakanda from being dragged into a world war.",2018-02-13,135,200000000,1349926083,7.4,23170,19.4747,/uxzzxijgPIY7slzFvMotPv8wjKA.jpg,/19Ed4XgjahPm4U8JT7SnntERIlt.jpg,Released,Long live the king.,https://www.marvel.com/movies/black-panther,en,0,0,2026-02-13 10:51:22,2026-02-13T16:21:22.394799,"Adventure,Action,Science Fiction"
150540,Inside Out,Inside Out,"When 11-year-old Riley moves to a new city, her Emotions team up to help her through the transition. Joy, Fear, Anger, Disgust and Sadness work together, but when Joy and Sadness get lost, they must journey through unfamiliar places to get back home.",2015-06-17,95,175000000,857611174,7.909,23155,18.1239,/2H1TmgdfNtsKlU9jKdeNyYL5y8T.jpg,/jJKZaTBNenlFclQyjrnvzkRmvWE.jpg,Released,Meet the little voices inside your head.,http://movies.disney.com/inside-out,en,0,0,2026-02-13 10:51:13,2026-02-13T16:21:13.424115,"Adventure,Animation,Drama,Comedy,Family"
284052,Doctor Strange,Doctor Strange,"After his career is destroyed, a brilliant but arrogant surgeon gets a new lease on life when a sorcerer takes him under her wing and trains him to defend the world against evil.",2016-10-25,115,180000000,676343174,7.4,23150,13.8889,/xf8PbyQcR5ucXErmZNzdKR0s8ya.jpg,/3zvZ699gMW2RhWc0GisIukzq0Ls.jpg,Released,The impossibilities are endless.,https://www.marvel.com/movies/doctor-strange,en,0,0,2026-02-13 10:55:05,2026-02-13T16:25:05.926789,"Adventure,Fantasy,Action"
68721,Iron Man 3,Iron Man 3,"When Tony Stark's world is torn apart by a formidable terrorist called the Mandarin, he starts an odyssey of rebuilding and retribution.",2013-04-18,130,200000000,1215577205,6.9,23126,17.9324,/qhPtAc1TKbMPqNvcdXSOn9Bn7hZ.jpg,/iVped1djsF0tvGkvnHbzsE3ZPTF.jpg,Released,Unleash the power behind the armor.,https://www.marvel.com/movies/iron-man-3,en,0,0,2026-02-13 10:52:11,2026-02-13T16:22:11.964249,"Adventure,Action,Science Fiction"
70160,The Hunger Games,The Hunger Games,"In a dystopian society where the Capitol forces each district to send two young tributes to fight to the death in a televised spectacle, a girl volunteers to take her sister’s place, setting the stage for a struggle of survival and defiance.",2012-03-12,142,75000000,694000000,7.2,22989,9.1666,/yXCbOiVDCxO71zI7cuwBRXdftq8.jpg,/3sndNmvdF0R8AeyCmVoNv8LKtNy.jpg,Released,The world will be watching.,https://hungergames.movie/,en,0,0,2026-02-13 11:09:56,2026-02-13T16:39:56.801872,"Adventure,Action,Thriller,Science Fiction"
315635,Spider-Man: Homecoming,Spider-Man: Homecoming,"Following the events of Captain America: Civil War, Peter Parker, with the help of his mentor Tony Stark, tries to balance his life as an ordinary high school student in Queens, New York City, with fighting crime as his superhero alter ego Spider-Man as a new threat, the Vulture, emerges.",2017-07-05,133,175000000,880978185,7.3,22837,26.6533,/c24sv2weTHPsmDa7jEMN0m2P3RT.jpg,/tPpYGm2mVecue7Bk3gNVoSPA5qn.jpg,Released,Homework can wait. The city can't.,https://www.sonypictures.com/movies/spidermanhomecoming,en,0,0,2026-02-13 10:48:29,2026-02-13T16:18:29.563848,"Adventure,Action,Science Fiction"
673,Harry Potter and the Prisoner of Azkaban,Harry Potter and the Prisoner of Azkaban,"Year three at Hogwarts means new fun and challenges as Harry learns the delicate art of approaching a Hippogriff, transforming shape-shifting Boggarts into hilarity and even turning back time. But the term also brings danger: soul-sucking Dementors hover over the school, an ally of the accursed He-Who-Cannot-Be-Named lurks within the castle walls, and fearsome wizard Sirius Black escapes Azkaban. And Harry will confront them all.",2004-05-31,141,130000000,789804554,8.009,22822,18.2581,/aWxwnYoe8p2d2fcxOqtvAtJ72Rw.jpg,/vbk5CfaAHOjQPSAcYm6AoRRz2Af.jpg,Released,Something wicked this way comes.,https://www.warnerbros.com/movies/harry-potter-and-prisoner-azkaban,en,0,0,2026-02-13 10:50:50,2026-02-13T16:20:50.610733,"Adventure,Fantasy"
283995,Guardians of the Galaxy Vol. 2,Guardians of the Galaxy Vol. 2,The Guardians must fight to keep their newfound family together as they unravel the mysteries of Peter Quill's true parentage.,2017-04-19,137,200000000,863756051,7.6,22629,17.8406,/y4MBh0EjBlMuOzv9axM4qJlmhzz.jpg,/aJn9XeesqsrSLKcHfHP4u5985hn.jpg,Released,Anyone can save the galaxy once.,https://www.marvel.com/movies/guardians-of-the-galaxy-vol-2,en,0,0,2026-02-13 10:51:09,2026-02-13T16:21:09.664366,"Adventure,Action,Science Fiction"
807,Se7en,Se7en,"Two homicide detectives are on a desperate hunt for a serial killer whose crimes are based on the ""seven deadly sins"" in this dark and haunting film that takes viewers from the tortured remains of one victim to the next. The seasoned Det. Somerset researches each sin in an effort to get inside the killer's mind, while his novice partner, Mills, scoffs at his efforts to unravel the case.",1995-09-22,127,33000000,327311859,8.378,22591,22.2891,/191nKfP0ehp3uIvWqgPbFmI4lv9.jpg,/iwgl8zlrrfvfWp9k9Paj8lvFEvS.jpg,Released,Gluttony. Greed. Sloth. Envy. Wrath. Pride. Lust.,https://www.warnerbros.com/movies/seven,en,0,0,2026-02-13 10:51:00,2026-02-13T16:21:00.627203,"Thriller,Crime,Mystery"
1771,Captain America: The First Avenger,Captain America: The First Avenger,"During World War II, Steve Rogers is a sickly man from Brooklyn who's transformed into super-soldier Captain America to aid in the war effort. Rogers must stop the Red Skull – Adolf Hitler's ruthless head of weaponry, and the leader of an organization that intends to use a mysterious device of untold powers for world domination.",2011-07-22,124,140000000,370569774,7.0,22441,8.722,/vSNxAJTlD0r02V9sPYpOjqDZXUK.jpg,/yFuKvT4Vm3sKHdFY4eG6I4ldAnn.jpg,Released,When patriots become heroes.,https://www.marvel.com/movies/captain-america-the-first-avenger,en,0,0,2026-02-13 11:13:24,2026-02-13T16:43:24.949710,"Adventure,Action,Science Fiction"
238,The Godfather,The Godfather,"Spanning the years 1945 to 1955, a chronicle of the fictional Italian-American Corleone crime family. When organized crime family patriarch, Vito Corleone barely survives an attempt on his life, his youngest son, Michael steps in to take care of the would-be killers, launching a campaign of bloody revenge.",1972-03-14,175,6000000,245066411,8.7,22438,39.4251,/3bhkrj58Vtu7enYsRolD1fZdja1.jpg,/tSPT36ZKlP2WVHJLM4cQPLSzv3b.jpg,Released,An offer you can't refuse.,http://www.thegodfather.com/,en,0,0,2026-02-13 10:47:15,2026-02-13T16:17:15.238046,"Drama,Crime"
272,Batman Begins,Batman Begins,"Driven by tragedy, billionaire Bruce Wayne dedicates his life to uncovering and defeating the corruption that plagues his home, Gotham City.  Unable to work within the system, he instead creates a new identity, a symbol of fear for the criminal underworld - The Batman.",2005-06-10,140,150000000,374218673,7.72,22233,17.9804,/sPX89Td70IDDjVr85jdSBb4rWGr.jpg,/9IIBboV7MCT0bTxzXHmWK1Hq558.jpg,Released,Evil fears the knight.,https://www.warnerbros.com/movies/batman-begins/,en,0,0,2026-02-13 10:51:23,2026-02-13T16:21:23.671678,"Drama,Action,Crime"
10195,Thor,Thor,"Against his father Odin's will, The Mighty Thor - a powerful but arrogant warrior god - recklessly reignites an ancient war. Thor is cast down to Earth and forced to live among humans as punishment. Once here, Thor learns what it takes to be a true hero when the most dangerous villain of his world sends the darkest forces of Asgard to invade Earth.",2011-04-21,115,150000000,449326618,6.8,22060,12.3845,/prSfAi1xGrhLQNxVSUFh61xQ4Qy.jpg,/cDJ61O1STtbWNBwefuqVrRe3d7l.jpg,Released,Courage is immortal.,https://www.marvel.com/movies/thor,en,0,0,2026-02-13 10:58:45,2026-02-13T16:28:45.472971,"Adventure,Fantasy,Action"
10138,Iron Man 2,Iron Man 2,"With the world now aware of his dual life as the armored superhero Iron Man, billionaire inventor Tony Stark faces pressure from the government, the press and the public to share his technology with the military. Unwilling to let go of his invention, Stark, with Pepper Potts and James 'Rhodey' Rhodes at his side, must forge new alliances – and confront powerful enemies.",2010-04-28,124,200000000,623933331,6.8,22058,18.5847,/6WBeq4fCfn7AN0o21W9qNcRF2l9.jpg,/7lmBufEG7P7Y1HClYK3gCxYrkgS.jpg,Released,"It's not the armor that makes the hero, but the man inside.",https://www.marvel.com/movies/iron-man-2,en,0,0,2026-02-13 10:51:28,2026-02-13T16:21:28.626686,"Adventure,Action,Science Fiction"
11,Star Wars,Star Wars,Princess Leia is captured and held hostage by the evil Imperial forces in their effort to take over the galactic Empire. Venturesome Luke Skywalker and dashing captain Han Solo team together with the loveable robot duo R2-D2 and C-3PO to rescue the beautiful princess and restore peace and justice in the Empire.,1977-05-25,121,11000000,775398007,8.202,21922,23.1666,/6FfCtAuVAW8XJjZ7eWeLibRLWTw.jpg,/2w4xG178RpB4MDAIfTkqAuSJzec.jpg,Released,"A long time ago in a galaxy far, far away...",http://www.starwars.com/films/star-wars-episode-iv-a-new-hope,en,0,0,2026-02-13 10:49:07,2026-02-13T16:19:07.277805,"Adventure,Action,Science Fiction"
297761,Suicide Squad,Suicide Squad,"From DC Comics comes the Suicide Squad, an antihero team of incarcerated supervillains who act as deniable assets for the United States government, undertaking high-risk black ops missions in exchange for commuted prison sentences.",2016-08-03,122,175000000,749200054,5.918,21869,8.36,/sk3FZgh3sRrmr8vyhaitNobMcfh.jpg,/wAk0yKrhAmvsoMvlKs4QImhvK5X.jpg,Released,Worst. Heroes. Ever.,http://www.suicidesquad.com/,en,0,0,2026-02-13 11:15:31,2026-02-13T16:45:31.118428,"Adventure,Fantasy,Action"
22,Pirates of the Caribbean: The Curse of the Black Pearl,Pirates of the Caribbean: The Curse of the Black Pearl,"When wily Captain Barbossa steals Jack Sparrow's ship and kidnaps the governor's beautiful daughter, Elizabeth, her childhood friend Will Turner joins forces with Jack to save her and recapture Jack's ship, the Black Pearl.",2003-07-09,143,140000000,655011224,7.819,21854,18.7543,/poHwCZeWzJCShH7tOjg8RIoyjcw.jpg,/uRNgkJSkNBFbbn9fPsEjDIy8Sh3.jpg,Released,Prepare to be blown out of the water.,https://movies.disney.com/pirates-of-the-caribbean-the-curse-of-the-black-pearl,en,0,0,2026-02-13 10:50:55,2026-02-13T16:20:55.311180,"Adventure,Fantasy,Action"
674,Harry Potter and the Goblet of Fire,Harry Potter and the Goblet of Fire,"When Harry Potter's name emerges from the Goblet of Fire, he becomes a competitor in a grueling battle for glory among three wizarding schools—the Triwizard Tournament. But since Harry never submitted his name for the Tournament, who did? Now Harry must confront a deadly dragon, fierce water demons and an enchanted maze only to find himself in the cruel grasp of He Who Must Not Be Named.",2005-11-16,157,150000000,895921036,7.801,21839,17.1426,/fECBtHlr0RB3foNHDiCBXeg9Bv9.jpg,/8f9dnOtpArDrOMEylpSN9Sc6fuz.jpg,Released,Dark and difficult times lie ahead.,https://www.warnerbros.com/movies/harry-potter-and-goblet-fire,en,0,0,2026-02-13 10:51:39,2026-02-13T16:21:39.568096,"Adventure,Fantasy"
284053,Thor: Ragnarok,Thor: Ragnarok,"Thor is imprisoned on the other side of the universe and finds himself in a race against time to get back to Asgard to stop Ragnarok, the destruction of his home-world and the end of Asgardian civilization, at the hands of a powerful new threat, the ruthless Hela.",2017-10-02,131,180000000,855301806,7.6,21711,16.9384,/rzRwTcFvttcN1ZpX2xv4j3tSdJu.jpg,/6G2fLCVm9fiLyHvBrccq6GSe2ih.jpg,Released,No hammer. No problem.,https://www.marvel.com/movies/thor-ragnarok,en,0,0,2026-02-13 10:53:59,2026-02-13T16:23:59.320141,"Adventure,Action,Comedy,Science Fiction"
12445,Harry Potter and the Deathly Hallows: Part 2,Harry Potter and the Deathly Hallows: Part 2,"Harry, Ron and Hermione continue their quest to vanquish the evil Voldemort once and for all. Just as things begin to look hopeless for the young wizards, Harry discovers a trio of magical objects that endow him with powers to rival Voldemort's formidable skills.",2011-07-12,130,125000000,1341511219,8.081,21664,16.7241,/c54HpQmuwXjHq2C9wmoACjxoom3.jpg,/cbcpDn6XJaIGoOil1bKuskU8ds4.jpg,Released,It all ends.,https://www.warnerbros.com/movies/harry-potter-and-deathly-hallows-part-2,en,0,0,2026-02-13 10:51:38,2026-02-13T16:21:38.225791,"Adventure,Fantasy"
634649,Spider-Man: No Way Home,Spider-Man: No Way Home,"Peter Parker is unmasked and no longer able to separate his normal life from the high-stakes of being a super-hero. When he asks for help from Doctor Strange the stakes become even more dangerous, forcing him to discover what it truly means to be Spider-Man.",2021-12-15,148,200000000,1921847111,7.9,21547,32.4046,/1g0dhYtq4irTY1GPXvft6k4YLjm.jpg,/nqUThBjou0TAWXu93Q4SNFpgqai.jpg,Released,The Multiverse unleashed.,https://www.sonypictures.com/movies/spidermannowayhome,en,0,0,2026-02-13 10:48:00,2026-02-13T16:18:00.385301,"Adventure,Action,Science Fiction"
105,Back to the Future,Back to the Future,"Eighties teenager Marty McFly is accidentally sent back in time to 1955, inadvertently disrupting his parents' first meeting and attracting his mother's romantic interest. Marty must repair the damage to history by rekindling his parents' romance and - with the help of his eccentric inventor friend Doc Brown - return to 1985.",1985-07-03,116,19000000,381109762,8.3,21372,18.6769,/vN5B5WgYscRGcQpVhHl6p9DDTP0.jpg,/qskzmLTbarKnXDbo2HRj4NJ3vcW.jpg,Released,He was never in time for his classes... He wasn't in time for his dinner... Then one day... he wasn't in his time at all.,http://www.backtothefuture.com/movies/backtothefuture1,en,0,0,2026-02-13 10:50:34,2026-02-13T16:20:34.145463,"Adventure,Comedy,Science Fiction"
14160,Up,Up,"Carl Fredricksen spent his entire life dreaming of exploring the globe and experiencing life to its fullest. But at age 78, life seems to have passed him by, until a twist of fate (and a persistent 8-year old Wilderness Explorer named Russell) gives him a new lease on life.",2009-05-28,96,175000000,735103954,7.96,21322,17.9506,/mFvoEwSfLqbcWwFsDjQebn9bzFe.jpg,/hGGC9gKo7CFE3fW07RA587e5kol.jpg,Released,Change is in the air.,http://disney.go.com/disneypictures/up/,en,0,0,2026-02-13 10:52:09,2026-02-13T16:22:09.530752,"Adventure,Animation,Comedy,Family"
135397,Jurassic World,Jurassic World,"Twenty-two years after the events of Jurassic Park, Isla Nublar now features a fully functioning dinosaur theme park, Jurassic World, as originally envisioned by John Hammond.",2015-06-06,124,150000000,1671537444,6.698,21302,12.4076,/rhr4y79GpxQF9IsfJItRXVaoGs4.jpg,/s5QfDFqRO6sjgPtKkjxD0WqXQef.jpg,Released,The park is open.,https://www.jurassicworld.com/,en,0,0,2026-02-13 10:57:52,2026-02-13T16:27:52.868677,"Adventure,Action,Thriller,Science Fiction"
286217,The Martian,The Martian,"During a manned mission to Mars, Astronaut Mark Watney is presumed dead after a fierce storm and left behind by his crew. But Watney has survived and finds himself stranded and alone on the hostile planet. With only meager supplies, he must draw upon his ingenuity, wit and spirit to subsist and find a way to signal to Earth that he is alive.",2015-09-30,141,108000000,631058917,7.7,20821,13.4131,/3ndAx3weG6KDkJIRMCi5vXX6Dyb.jpg,/sq8oUjbBvKkqv9h0Ns5rQbbquhZ.jpg,Released,Bring him home.,https://www.20thcenturystudios.com/movies/the-martian,en,0,0,2026-02-13 10:56:38,2026-02-13T16:26:38.306933,"Adventure,Drama,Science Fiction"
297762,Wonder Woman,Wonder Woman,An Amazon princess comes to the world of Man in the grips of the First World War to confront the forces of evil and bring an end to human conflict.,2017-05-30,141,149000000,823970682,7.21,20694,18.3058,/v4ncgZjG2Zu8ZW5al1vIZTsSjqX.jpg,/AaABt75ZzfMGrscUR2seabz4PEX.jpg,Released,Power. Grace. Wisdom. Wonder.,https://www.warnerbros.com/movies/wonder-woman,en,0,0,2026-02-13 10:51:48,2026-02-13T16:21:48.693099,"Adventure,Fantasy,Action"
354912,Coco,Coco,"Despite his family’s baffling generations-old ban on music, Miguel dreams of becoming an accomplished musician like his idol, Ernesto de la Cruz. Desperate to prove his talent, Miguel finds himself in the stunning and colorful Land of the Dead following a mysterious chain of events. Along the way, he meets charming trickster Hector, and together, they set off on an extraordinary journey to unlock the real story behind Miguel's family history.",2017-10-27,105,175000000,814641172,8.199,20650,22.7734,/6Ryitt95xrO8KXuqRGm1fUuNwqF.jpg,/g7CHF8gTLGooTbP4GznIGwaqAGL.jpg,Released,The celebration of a lifetime.,https://www.pixar.com/feature-films/coco,en,0,0,2026-02-13 10:49:14,2026-02-13T16:19:14.480106,"Adventure,Animation,Music,Family"
102899,Ant-Man,Ant-Man,"Armed with the astonishing ability to shrink in scale but increase in strength, master thief Scott Lang must embrace his inner-hero and help his mentor, Doctor Hank Pym, protect the secret behind his spectacular Ant-Man suit from a new generation of towering threats. Against seemingly insurmountable obstacles, Pym and Lang must plan and pull off a heist that will save the world.",2015-07-14,117,130000000,519311965,7.1,20607,15.0061,/rQRnQfUl3kfp78nCWq8Ks04vnq1.jpg,/1K3JmSNUN8OpjYsCjc0Hy0SYxAb.jpg,Released,Heroes don't get any bigger.,https://www.marvel.com/movies/ant-man,en,0,0,2026-02-13 10:53:10,2026-02-13T16:23:10.414390,"Adventure,Action,Science Fiction"
675,Harry Potter and the Order of the Phoenix,Harry Potter and the Order of the Phoenix,"Returning for his fifth year at Hogwarts, Harry is stunned to find that his warnings about the return of Lord Voldemort have been ignored. Left with no choice, Harry takes matters into his own hands, training a small group of motivated students to defend themselves against the Dark Arts.",2007-07-08,138,150000000,938212738,7.672,20510,17.8842,/5aOyriWkPec0zUDxmHFP9qMmBaj.jpg,/pkxPkHOPJjOvzfQOclANEBT8OfK.jpg,Released,The rebellion begins.,https://www.warnerbros.com/movies/harry-potter-and-order-phoenix,en,0,0,2026-02-13 10:50:42,2026-02-13T16:20:42.029956,"Adventure,Fantasy"
98,Gladiator,Gladiator,"After the death of Emperor Marcus Aurelius, his devious son takes power and demotes Maximus, one of Rome's most capable generals who Marcus preferred. Eventually, Maximus is forced to become a gladiator and battle to the death against other men for the amusement of paying audiences.",2000-05-04,155,103000000,465516248,8.221,20493,17.0995,/ty8TGRuvJLPUmAR1H1nRIsgwvim.jpg,/jhk6D8pim3yaByu1801kMoxXFaX.jpg,Released,What we do in life echoes in eternity.,,en,0,0,2026-02-13 10:51:20,2026-02-13T16:21:20.000372,"Adventure,Drama,Action"
767,Harry Potter and the Half-Blood Prince,Harry Potter and the Half-Blood Prince,"As Lord Voldemort tightens his grip on both the Muggle and wizarding worlds, Hogwarts is no longer a safe haven. Harry suspects perils may even lie within the castle, but Dumbledore is more intent upon preparing him for the final battle fast approaching. Together they work to find the key to unlock Voldemorts defenses and to this end, Dumbledore recruits his old friend and colleague Horace Slughorn, whom he believes holds crucial information. Even as the decisive showdown looms, romance blossoms for Harry, Ron, Hermione and their classmates. Love is in the air, but danger lies ahead and Hogwarts may never be the same again.",2009-07-15,153,250000000,933959197,7.682,20481,15.5644,/z7uo9zmQdQwU5ZJHFpv2Upl30i1.jpg,/ze6Mx4QE5mQVXRYmG2flncqqle4.jpg,Released,Dark secrets revealed.,https://www.warnerbros.com/movies/harry-potter-and-half-blood-prince,en,0,0,2026-02-13 10:53:14,2026-02-13T16:23:14.524021,"Adventure,Fantasy"
245891,John Wick,John Wick,Ex-hitman John Wick comes out of retirement to track down the gangsters that took everything from him.,2014-10-22,101,20000000,88761661,7.453,20444,10.22,/wXqWR7dHncNRbxoEGybEy7QTe9h.jpg,/ff2ti5DkA9UYLzyqhQfI2kZqEuh.jpg,Released,Don't set him off.,https://johnwick.movie/film/john-wick,en,0,0,2026-02-13 11:03:14,2026-02-13T16:33:14.684749,"Action,Thriller"
557,Spider-Man,Spider-Man,"After being bitten by a genetically altered spider at Oscorp, nerdy but endearing high school student Peter Parker is endowed with amazing powers to become the superhero known as Spider-Man.",2002-05-01,121,139000000,821708551,7.32,20275,19.042,/kjdJntyBeEvqm9w97QGBdxPptzj.jpg,/zQ8AxTPiCiS5nnwXpwTBPBHSaa5.jpg,Released,Go for the ultimate spin.,https://www.sonypictures.com/movies/spiderman,en,0,0,2026-02-13 10:50:32,2026-02-13T16:20:32.507854,"Action,Science Fiction"
140607,Star Wars: The Force Awakens,Star Wars: The Force Awakens,"Thirty years after defeating the Galactic Empire, Han Solo and his allies face a new threat from the evil Kylo Ren and his army of Stormtroopers.",2015-12-15,136,245000000,2068223624,7.251,20271,14.8683,/wqnLdwVXoBjKibFRR5U3y0aDUhs.jpg,/8BTsTfln4jlQrLXUBquXJ0ASQy9.jpg,Released,Every generation has a story.,http://www.starwars.com/films/star-wars-episode-vii,en,0,0,2026-02-13 10:56:11,2026-02-13T16:26:11.007515,"Adventure,Action,Science Fiction"
12,Finding Nemo,Finding Nemo,"Nemo, an adventurous young clownfish, is unexpectedly taken from his Great Barrier Reef home to a dentist's office aquarium. It's up to his worrisome father Marlin and a friendly but forgetful fish Dory to bring Nemo home -- meeting vegetarian sharks, surfer dude turtles, hypnotic jellyfish, hungry seagulls, and more along the way.",2003-05-30,100,94000000,940335536,7.817,20256,15.7935,/eHuGQ10FUzK1mdOY69wF5pGgEf5.jpg,/eCynaAOgYYiw5yN5lBwz3IxqvaW.jpg,Released,There are 3.7 trillion fish in the ocean. They're looking for one.,http://movies.disney.com/finding-nemo,en,0,0,2026-02-13 10:52:41,2026-02-13T16:22:41.330322,"Animation,Family"
263115,Logan,Logan,"In the near future, a weary Logan cares for an ailing Professor X in a hideout on the Mexican border. But Logan's attempts to hide from the world and his legacy are upended when a young mutant arrives, pursued by dark forces.",2017-02-28,137,97000000,619021436,7.818,20122,19.0371,/fnbjcRDYn6YviCcePDnGdyAkYsB.jpg,/2aQyMFEtppL6dNK384l5qhGSn5G.jpg,Released,Someone has come along.,https://www.20thcenturystudios.com/movies/logan,en,0,0,2026-02-13 10:51:36,2026-02-13T16:21:36.645307,"Drama,Action,Science Fiction"
496243,Parasite,기생충,"All unemployed, Ki-taek's family takes peculiar interest in the wealthy and glamorous Parks for their livelihood until they get entangled in an unexpected incident.",2019-05-30,133,11363000,257591776,8.5,20120,21.8428,/7IiTTgloJzvGI1TAYymCfbfl3vT.jpg,/TU9NIjwzjoKPwQHoHshkFcQUCG.jpg,Released,Act like you own the place.,https://www.parasite-movie.com/,ko,0,0,2026-02-13 10:49:01,2026-02-13T16:19:01.290457,"Drama,Comedy,Thriller"
12444,Harry Potter and the Deathly Hallows: Part 1,Harry Potter and the Deathly Hallows: Part 1,"Harry, Ron and Hermione walk away from their last year at Hogwarts to find and destroy the remaining Horcruxes, putting an end to Voldemort's bid for immortality. But with Harry's beloved Dumbledore dead and Voldemort's unscrupulous Death Eaters on the loose, the world is more dangerous than ever.",2010-11-17,146,250000000,954305868,7.736,20086,15.6529,/iGoXIpQb7Pot00EEdwpwPajheZ5.jpg,/slW0M2G9txC0aUbftCTm1nYX1K8.jpg,Released,Nowhere is safe.,https://www.warnerbros.com/movies/harry-potter-and-deathly-hallows-part-1,en,0,0,2026-02-13 10:52:59,2026-02-13T16:22:59.309577,"Adventure,Fantasy"
346364,It,It,"In a small town in Maine, seven children known as The Losers Club come face to face with life problems, bullies and a monster that takes the shape of a clown called Pennywise.",2017-09-06,135,35000000,719766009,7.239,20073,16.6551,/9E2y5Q7WlCVNEhP5GiVTjhEhx1o.jpg,/u444mvKeZf8vgfYmpRax1bwSXmg.jpg,Released,You'll float too.,http://itthemovie.com/,en,0,0,2026-02-13 10:52:37,2026-02-13T16:22:37.395357,"Drama,Horror,Thriller"
10681,WALL·E,WALL·E,"After hundreds of years doing what he was built for, WALL•E— a robot designed to clean up the earth—discovers a new purpose in life when he meets a sleek search robot named EVE. EVE comes to realize that WALL•E has inadvertently stumbled upon the key to the planet's future, and races back to space to report to the humans. Meanwhile, WALL•E chases EVE across the galaxy and sets into motion one of the most imaginative adventures ever brought to the big screen.",2008-06-22,98,180000000,521311860,8.107,19912,19.0854,/hbhFnRzzg6ZDmm8YAmxBnQpQIPh.jpg,/fK5ssgvtI43z19FoWigdlqgpLRE.jpg,Released,"After 700 years of doing what he was built for, he'll discover what he was meant for.",https://www.pixar.com/feature-films/walle/,en,0,0,2026-02-13 10:52:04,2026-02-13T16:22:04.413456,"Animation,Science Fiction,Family"
37165,The Truman Show,The Truman Show,An insurance salesman begins to suspect that his whole life is actually some sort of reality TV show.,1998-06-04,103,60000000,264118712,8.151,19784,15.8593,/vuza0WqY239yBXOadKlGwJsZJFE.jpg,/aCHn2TXYJfzPXQKA6r9mKPbMlUB.jpg,Released,On the air. Unaware.,,en,0,0,2026-02-13 10:52:22,2026-02-13T16:22:22.784001,"Drama,Comedy"
100402,Captain America: The Winter Soldier,Captain America: The Winter Soldier,"After the cataclysmic events in New York with The Avengers, Steve Rogers, aka Captain America is living quietly in Washington, D.C. and trying to adjust to the modern world. But when a S.H.I.E.L.D. colleague comes under attack, Steve becomes embroiled in a web of intrigue that threatens to put the world at risk. Joining forces with the Black Widow, Captain America struggles to expose the ever-widening conspiracy while fighting off professional assassins sent to silence him at every turn. When the full scope of the villainous plot is revealed, Captain America and the Black Widow enlist the help of a new ally, the Falcon. However, they soon find themselves up against an unexpected and formidable enemy—the Winter Soldier.",2014-03-20,136,170000000,714766572,7.7,19715,8.8555,/tVFRpFw3xTedgPGqxW0AOI8Qhh0.jpg,/1RWLMyC9KcFfcaoViMiJGSSZzzr.jpg,Released,In heroes we trust.,https://www.marvel.com/movies/captain-america-the-winter-soldier,en,0,0,2026-02-13 11:11:49,2026-02-13T16:41:49.404727,"Adventure,Action,Science Fiction"
210577,Gone Girl,Gone Girl,"With his wife's disappearance having become the focus of an intense media circus, a man sees the spotlight turned on him when it's suspected that he may not be innocent.",2014-10-01,149,61000000,370890259,7.889,19639,20.9658,/ts996lKsxvjkO2yiYG0ht4qAicO.jpg,/iWak7wT0j6ycCc8lKr4NBz9c7n5.jpg,Released,You don't know what you've got 'til it's...,https://www.20thcenturystudios.com/movies/gone-girl,en,0,0,2026-02-13 10:49:23,2026-02-13T16:19:23.683980,"Drama,Thriller,Mystery"
862,Toy Story,Toy Story,"Led by Woody, Andy's toys live happily in his room until Andy's birthday brings Buzz Lightyear onto the scene. Afraid of losing his place in Andy's heart, Woody plots against Buzz. But when circumstances separate Buzz and Woody from their owner, the duo eventually learns to put aside their differences.",1995-11-22,81,30000000,401157969,7.97,19542,19.6648,/uXDfjJbdP4ijW5hWSBrPrlKpxab.jpg,/3Rfvhy1Nl6sSGJwyjb0QiZzZYlB.jpg,Released,The adventure takes off when toys come to life!,http://toystory.disney.com/toy-story,en,0,0,2026-02-13 10:50:54,2026-02-13T16:20:54.011041,"Adventure,Animation,Comedy,Family"
259316,Fantastic Beasts and Where to Find Them,Fantastic Beasts and Where to Find Them,"In 1926, Newt Scamander arrives at the Magical Congress of the United States of America with a magically expanded briefcase, which houses a number of dangerous creatures and their habitats. When the creatures escape from the briefcase, it sends the American wizarding authorities after Newt, and threatens to strain even further the state of magical and non-magical relations.",2016-11-16,133,180000000,809342332,7.309,19493,11.2994,/fLsaFKExQt05yqjoAvKsmOMYvJR.jpg,/8Qsr8pvDL3s1jNZQ4HK1d1Xlvnh.jpg,Released,From J.K. Rowling's wizarding world.,http://www.fantasticbeasts.com/,en,0,0,2026-02-13 10:59:45,2026-02-13T16:29:45.231518,"Adventure,Fantasy"
