id,title,status
140607,Star Wars: The Force Awakens,ok
11,Star Wars (film),ok
27205,Inception,ok
19995,Avatar (2009 film),ok
10681,WALL-E,ok
597,Titanic (1997 film),ok
13,Forrest Gump,ok
12444,Harry Potter and the Deathly Hallows – Part 1,ok
16869,Inglourious Basterds,ok
121,The Lord of the Rings: The Two Towers,ok
603,The Matrix,ok
105,Back to the Future,ok
22,Pirates of the Caribbean: The Curse of the Black Pearl,ok
238,The Godfather,ok
120,The Lord of the Rings: The Fellowship of the Ring,ok
98,Gladiator (2000 film),ok
122,The Lord of the Rings: The Return of the King,ok
12,Finding Nemo,ok
674,Harry Potter and the Goblet of Fire (film),ok
675,Harry Potter and the Order of the Phoenix (film),ok
672,Harry Potter and the Chamber of Secrets (film),ok
671,Harry Potter and the Philosopher's Stone (film),ok
673,Harry Potter and the Prisoner of Azkaban (film),ok
680,Pulp Fiction,ok
68718,Django Unchained,ok
106646,The Wolf of Wall Street (2013 film),ok
767,Harry Potter and the Half-Blood Prince (film),ok
155,The Dark Knight,ok
284054,Black Panther (film),ok
272,Batman Begins,ok
862,Toy Story,ok
278,The Shawshank Redemption,ok
14160,Up (2009 film),ok
24428,The Avengers (2012 film),ok
299536,Avengers: Infinity War,ok
299534,Avengers: Endgame,ok
263115,Logan (film),ok
346364,It (2017 film),ok
475557,Joker (2019 film),ok
496243,Parasite (2019 film),ok
271110,Captain America: Civil War,ok
286217,The Martian (film),ok
297761,Suicide Squad (2016 film),ok
293660,Deadpool (film),ok
283995,Guardians of the Galaxy Vol. 2,ok
297762,Wonder Woman (2017 film),ok
284053,Thor: Ragnarok,ok
315635,Spider-Man: Homecoming,ok
49026,The Dark Knight Rises,ok
550,Fight Club,ok
807,Seven (1995 film),ok
1726,Iron Man (2008 film),ok
10138,Iron Man 2,ok
68721,Iron Man 3,ok
11324,Shutter Island (film),ok
70160,The Hunger Games (film),ok
37165,The Truman Show,ok
10195,Thor (film),ok
12445,Harry Potter and the Deathly Hallows – Part 2,ok
1771,Captain America: The First Avenger,ok
557,Spider-Man (2002 film),ok
76341,Mad Max: Fury Road,ok
100402,Captain America: The Winter Soldier,ok
135397,Jurassic World,ok
354912,Coco (2017 film),ok
118340,Guardians of the Galaxy (film),ok
102899,Ant-Man (film),ok
150540,Inside Out,ok
157336,Interstellar (film),ok
99861,Avengers: Age of Ultron,ok
210577,Gone Girl (film),ok
245891,John Wick (film),ok
259316,Fantastic Beasts and Where to Find Them (film),ok
284052,Doctor Strange (2016 film),ok
